esp32_id,ts,temp,hum
,2026-04-27 10:17:02,22.0,51.5
,2026-04-27 10:17:08,22.2,51.5
,2026-04-27 10:17:13,22.2,51.4
,2026-04-27 10:17:19,22.2,51.3
,2026-04-27 10:17:24,22.2,51.3
,2026-04-27 10:17:30,22.2,51.2
,2026-04-27 10:17:35,22.2,51.2
,2026-04-27 10:17:41,22.2,51.2
,2026-04-27 10:17:46,22.3,51.1
,2026-04-27 10:17:52,22.3,51.3
,2026-04-27 10:17:57,22.3,51.2
,2026-04-27 10:18:03,22.3,51.1
,2026-04-27 10:18:08,22.3,51.1
,2026-04-27 10:18:14,22.3,51.2
,2026-04-27 10:18:19,22.3,51.1
,2026-04-27 10:18:25,22.3,51.2
,2026-04-27 10:18:31,22.3,51.3
,2026-04-27 10:18:37,22.3,51.4
,2026-04-27 10:18:42,22.3,51.2
,2026-04-27 10:18:48,22.3,51.1
,2026-04-27 10:18:53,22.3,51.2
,2026-04-27 10:18:59,22.3,51.1
,2026-04-27 10:19:04,22.3,51.1
,2026-04-27 10:19:10,22.2,51.0
,2026-04-27 10:19:15,22.3,51.0
,2026-04-27 10:19:21,22.3,51.1
,2026-04-27 10:19:26,22.2,51.1
,2026-04-27 10:19:32,22.2,51.0
,2026-04-27 10:19:38,22.2,51.1
,2026-04-27 10:19:43,22.2,51.1
,2026-04-27 10:19:49,22.2,51.1
,2026-04-27 10:19:55,22.2,51.1
,2026-04-27 10:20:00,22.2,51.2
,2026-04-27 10:20:05,22.2,51.2
,2026-04-27 10:20:11,22.2,51.3
,2026-04-27 10:20:16,22.2,51.3
,2026-04-27 10:20:22,22.2,51.3
,2026-04-27 10:20:27,22.2,51.3
,2026-04-27 10:20:33,22.2,51.4
,2026-04-27 10:20:38,22.1,51.3
,2026-04-27 10:20:44,22.1,51.4
,2026-04-27 10:20:50,22.1,51.4
,2026-04-27 10:20:55,22.1,51.3
,2026-04-27 10:21:01,22.1,51.4
,2026-04-27 10:21:06,22.1,51.4
,2026-04-27 10:21:12,22.1,51.5
,2026-04-27 10:21:17,22.1,51.5
,2026-04-27 10:21:23,22.1,51.4
,2026-04-27 10:21:29,22.1,51.5
,2026-04-27 10:21:34,22.1,51.5
,2026-04-27 10:21:40,22.1,51.5
,2026-04-27 10:21:45,22.1,51.4
,2026-04-27 10:21:51,22.1,51.5
,2026-04-27 10:21:57,22.1,51.5
,2026-04-27 10:22:02,22.1,51.5
,2026-04-27 10:22:08,22.1,51.6
,2026-04-27 10:22:13,22.1,51.6
,2026-04-27 10:22:19,22.1,51.6
,2026-04-27 10:22:24,22.1,51.6
,2026-04-27 10:22:30,22.1,51.6
,2026-04-27 10:22:35,22.0,51.6
,2026-04-27 10:22:41,22.0,51.7
,2026-04-27 10:22:46,22.0,51.7
,2026-04-27 10:22:52,22.0,51.7
,2026-04-27 10:22:58,22.0,51.7
,2026-04-27 10:23:03,22.0,51.7
,2026-04-27 10:23:09,22.1,51.8
,2026-04-27 10:23:14,22.0,52.8
,2026-04-27 10:23:20,22.2,56.0
,2026-04-27 10:23:25,22.4,58.6
,2026-04-27 10:23:31,22.6,60.3
,2026-04-27 10:23:36,22.8,61.9
,2026-04-27 10:23:42,23.0,63.1
,2026-04-27 10:23:47,23.1,64.0
,2026-04-27 10:23:53,23.3,64.6
,2026-04-27 10:23:59,23.4,65.3
,2026-04-27 10:24:04,23.6,66.2
,2026-04-27 10:24:10,23.7,67.1
,2026-04-27 10:24:15,23.8,67.6
,2026-04-27 10:24:21,23.9,67.9
,2026-04-27 10:24:26,24.0,68.1
,2026-04-27 10:24:32,24.1,68.1
,2026-04-27 10:24:38,24.1,68.1
,2026-04-27 10:24:43,24.2,68.1
,2026-04-27 10:24:49,24.2,68.1
,2026-04-27 10:24:54,24.2,68.0
,2026-04-27 10:25:00,24.3,68.1
,2026-04-27 10:25:05,24.3,68.0
,2026-04-27 10:25:10,24.3,67.9
,2026-04-27 10:25:16,24.3,67.9
,2026-04-27 10:25:22,24.3,67.9
,2026-04-27 10:25:28,24.3,68.0
,2026-04-27 10:25:33,24.3,68.0
,2026-04-27 10:25:39,24.4,68.0
,2026-04-27 10:25:44,24.3,65.2
,2026-04-27 10:25:50,24.3,61.0
,2026-04-27 10:25:55,24.3,57.8
,2026-04-27 10:26:01,24.2,55.5
,2026-04-27 10:26:06,24.2,54.1
,2026-04-27 10:26:12,24.2,52.9
,2026-04-27 10:26:17,24.2,52.0
,2026-04-27 10:26:23,24.2,51.2
,2026-04-27 10:26:28,24.1,50.6
,2026-04-27 10:26:34,24.1,50.4
,2026-04-27 10:26:39,24.1,50.4
,2026-04-27 10:26:45,24.0,50.1
,2026-04-27 10:26:50,24.0,49.8
,2026-04-27 10:26:56,24.0,49.6
,2026-04-27 10:27:02,23.9,49.7
,2026-04-27 10:27:07,23.9,49.6
,2026-04-27 10:27:13,23.9,49.5
,2026-04-27 10:27:18,23.8,49.6
,2026-04-27 10:27:24,23.8,49.9
,2026-04-27 10:27:30,23.8,50.3
,2026-04-27 10:27:35,23.8,50.4
,2026-04-27 10:27:41,23.8,50.2
,2026-04-27 10:27:46,23.8,50.0
,2026-04-27 10:27:52,23.8,50.0
,2026-04-27 10:27:57,23.8,49.9
,2026-04-27 10:28:03,23.8,49.8
,2026-04-27 10:28:08,23.7,49.8
,2026-04-27 10:28:14,23.8,49.8
,2026-04-27 10:28:19,23.7,49.8
,2026-04-27 10:28:25,23.7,49.7
,2026-04-27 10:28:30,23.7,49.7
,2026-04-27 10:28:36,23.7,49.9
,2026-04-27 10:28:41,23.7,49.9
,2026-04-27 10:28:47,23.7,49.7
,2026-04-27 10:28:52,23.7,49.6
,2026-04-27 10:28:58,23.6,49.6
,2026-04-27 10:29:04,23.6,49.8
,2026-04-27 10:29:10,23.6,49.8
,2026-04-27 10:29:15,23.6,50.0
,2026-04-27 10:29:21,23.6,50.1
,2026-04-27 10:29:26,23.6,50.2
,2026-04-27 10:29:32,23.6,50.2
,2026-04-27 10:29:38,23.6,50.0
,2026-04-27 10:29:43,23.6,50.0
,2026-04-27 10:29:49,23.6,49.8
,2026-04-27 10:29:54,23.6,49.7
,2026-04-27 10:30:00,23.6,49.8
,2026-04-27 10:30:05,23.6,50.6
,2026-04-27 10:30:11,23.6,50.5
,2026-04-27 10:30:16,23.6,50.6
,2026-04-27 10:30:22,23.6,50.7
,2026-04-27 10:30:27,23.6,50.5
,2026-04-27 10:30:33,23.6,50.5
,2026-04-27 10:30:38,23.6,50.3
,2026-04-27 10:30:44,23.7,50.3
,2026-04-27 10:30:49,23.7,50.2
,2026-04-27 10:30:55,23.7,49.9
,2026-04-27 10:31:01,23.7,49.7
,2026-04-27 10:31:07,23.7,49.5
,2026-04-27 10:31:12,23.6,49.6
,2026-04-27 10:31:17,23.6,49.6
,2026-04-27 10:31:23,23.6,49.6
,2026-04-27 10:31:29,23.6,49.5
,2026-04-27 10:31:34,23.6,49.5
,2026-04-27 10:31:40,23.6,49.4
,2026-04-27 10:31:45,23.6,49.4
,2026-04-27 10:31:51,23.5,49.5
,2026-04-27 10:31:56,23.5,49.7
,2026-04-27 10:32:02,23.5,49.6
,2026-04-27 10:32:07,23.5,49.7
,2026-04-27 10:32:13,23.4,49.6
,2026-04-27 10:32:18,23.4,49.7
,2026-04-27 10:32:24,23.4,49.8
,2026-04-27 10:32:29,23.3,50.0
,2026-04-27 10:32:35,23.3,49.9
,2026-04-27 10:32:40,23.3,49.9
,2026-04-27 10:32:46,23.3,50.2
,2026-04-27 10:32:52,23.3,50.3
,2026-04-27 10:32:57,23.3,50.4
,2026-04-27 10:33:03,23.3,51.3
,2026-04-27 10:33:08,23.3,51.2
,2026-04-27 10:33:14,23.3,51.2
,2026-04-27 10:33:19,23.3,51.0
,2026-04-27 10:33:25,23.3,50.7
,2026-04-27 10:33:30,23.2,50.4
,2026-04-27 10:33:36,23.2,50.3
,2026-04-27 10:33:42,23.2,50.3
,2026-04-27 10:33:47,23.2,50.4
,2026-04-27 10:33:53,23.2,50.4
,2026-04-27 10:33:58,23.2,50.3
,2026-04-27 10:34:04,23.1,50.2
,2026-04-27 10:34:09,23.1,50.2
,2026-04-27 10:34:15,23.1,50.2
,2026-04-27 10:34:21,23.1,50.3
,2026-04-27 10:34:26,23.0,50.7
,2026-04-27 10:34:32,23.0,50.8
,2026-04-27 10:34:37,23.0,50.6
,2026-04-27 10:34:43,23.0,50.7
,2026-04-27 10:34:48,23.0,50.6
,2026-04-27 10:34:54,22.9,50.5
,2026-04-27 10:35:00,22.9,50.6
,2026-04-27 10:35:05,22.9,50.7
,2026-04-27 10:35:11,22.8,50.8
,2026-04-27 10:35:17,22.8,50.8
,2026-04-27 10:35:22,22.7,50.8
,2026-04-27 10:35:28,22.7,50.9
,2026-04-27 10:35:34,22.6,51.0
,2026-04-27 10:35:39,22.6,51.2
,2026-04-27 10:35:50,22.6,51.2
,2026-04-27 10:35:56,22.5,51.3
,2026-04-27 10:36:01,22.5,51.5
,2026-04-27 10:36:07,22.4,51.6
,2026-04-27 10:36:13,22.4,51.6
,2026-04-27 10:36:18,22.4,51.7
,2026-04-27 10:36:24,22.3,51.9
,2026-04-27 10:36:30,22.3,51.9
,2026-04-27 10:36:35,22.3,52.0
,2026-04-27 10:36:41,22.2,52.0
,2026-04-27 10:36:47,22.2,52.1
,2026-04-27 10:36:53,22.2,52.1
,2026-04-27 10:36:58,22.2,52.2
,2026-04-27 10:37:04,22.1,52.2
,2026-04-27 10:37:10,22.1,52.3
,2026-04-27 10:37:15,22.1,52.3
,2026-04-27 10:37:21,22.1,52.5
,2026-04-27 10:37:26,22.0,52.4
,2026-04-27 10:37:32,22.0,52.5
,2026-04-27 10:37:37,22.0,52.5
,2026-04-27 10:37:43,22.0,52.6
,2026-04-27 10:37:49,22.0,52.7
,2026-04-27 10:37:54,22.0,52.7
,2026-04-27 10:38:00,21.9,52.8
,2026-04-27 10:38:05,21.9,52.8
,2026-04-27 10:38:11,21.9,53.0
,2026-04-27 10:38:16,21.9,53.0
,2026-04-27 10:38:22,21.9,53.0
,2026-04-27 10:38:27,21.8,53.0
,2026-04-27 10:38:33,21.8,53.1
,2026-04-27 10:38:38,21.8,53.2
,2026-04-27 10:38:44,21.8,53.2
,2026-04-27 10:38:49,21.8,53.2
,2026-04-27 10:38:55,21.8,53.2
,2026-04-27 10:39:01,21.8,53.3
,2026-04-27 10:39:06,21.8,53.3
,2026-04-27 10:39:12,21.7,53.3
,2026-04-27 10:39:17,21.8,53.4
,2026-04-27 10:39:23,21.8,53.4
,2026-04-27 10:39:29,21.7,53.4
,2026-04-27 10:39:34,21.7,53.5
,2026-04-27 10:39:40,21.7,53.5
,2026-04-27 10:39:45,21.7,53.5
,2026-04-27 10:39:51,21.7,53.6
,2026-04-27 10:39:56,21.7,53.6
,2026-04-27 10:40:02,21.7,53.6
,2026-04-27 10:40:07,21.7,53.7
,2026-04-27 10:40:13,21.7,53.7
,2026-04-27 10:40:19,21.6,53.8
,2026-04-27 10:40:24,21.6,53.8
,2026-04-27 10:40:30,21.6,53.9
,2026-04-27 10:40:35,21.6,53.8
,2026-04-27 10:40:41,21.6,53.8
,2026-04-27 10:40:46,21.6,53.9
,2026-04-27 10:40:52,21.6,53.9
,2026-04-27 10:40:57,21.6,53.9
,2026-04-27 10:41:03,21.6,53.8
,2026-04-27 10:41:08,21.6,54.0
,2026-04-27 10:41:14,21.6,54.1
,2026-04-27 10:41:19,21.6,54.0
,2026-04-27 10:41:25,21.6,53.9
,2026-04-27 10:41:31,21.6,54.0
,2026-04-27 10:41:36,21.5,54.0
,2026-04-27 10:41:42,21.6,54.1
,2026-04-27 10:41:47,21.5,54.0
,2026-04-27 10:41:53,21.5,54.1
,2026-04-27 10:41:59,21.5,54.1
,2026-04-27 10:42:04,21.5,54.2
,2026-04-27 10:42:10,21.5,54.1
,2026-04-27 10:42:16,21.5,54.2
,2026-04-27 10:42:22,21.5,54.2
,2026-04-27 10:42:27,21.5,54.3
,2026-04-27 10:42:33,21.5,54.2
,2026-04-27 10:42:38,21.5,54.2
,2026-04-27 10:42:44,21.5,54.3
,2026-04-27 10:42:49,21.5,54.2
,2026-04-27 10:42:54,21.5,54.3
,2026-04-27 10:43:00,21.5,54.4
,2026-04-27 10:43:06,21.5,54.3
,2026-04-27 10:43:11,21.5,54.4
,2026-04-27 10:43:17,21.5,54.4
,2026-04-27 10:43:22,21.5,54.5
,2026-04-27 10:43:28,21.5,54.5
,2026-04-27 10:43:33,21.5,54.6
,2026-04-27 10:43:39,21.5,54.6
,2026-04-27 10:43:44,21.5,54.6
,2026-04-27 10:43:50,21.5,54.6
,2026-04-27 10:43:55,21.5,54.7
,2026-04-27 10:44:01,21.5,54.8
,2026-04-27 10:44:07,21.5,54.8
,2026-04-27 10:44:12,21.5,54.7
,2026-04-27 10:44:18,21.5,54.7
,2026-04-27 10:44:23,21.5,54.8
,2026-04-27 10:44:29,21.5,54.7
,2026-04-27 10:44:34,21.4,54.7
,2026-04-27 10:44:40,21.5,54.7
,2026-04-27 10:44:45,21.5,54.8
,2026-04-27 10:44:51,21.4,54.7
,2026-04-27 10:44:56,21.4,54.6
,2026-04-27 10:45:02,21.4,54.6
,2026-04-27 10:45:07,21.4,54.6
,2026-04-27 10:45:13,21.4,54.5
,2026-04-27 10:45:18,21.4,54.6
,2026-04-27 10:45:24,21.4,54.6
,2026-04-27 10:45:30,21.4,54.6
,2026-04-27 10:45:35,21.5,54.7
,2026-04-27 10:45:41,21.4,54.6
,2026-04-27 10:45:46,21.4,54.7
,2026-04-27 10:45:52,21.4,54.7
,2026-04-27 10:45:58,21.4,54.7
,2026-04-27 10:46:03,21.5,54.8
,2026-04-27 10:46:09,21.4,54.8
,2026-04-27 10:46:14,21.4,54.8
,2026-04-27 10:46:20,21.5,54.9
,2026-04-27 10:46:25,21.4,54.9
,2026-04-27 10:46:31,21.5,54.9
,2026-04-27 10:46:36,21.5,54.9
,2026-04-27 10:46:42,21.5,54.9
,2026-04-27 10:46:48,21.5,55.0
,2026-04-27 10:46:53,21.5,55.0
,2026-04-27 10:46:59,21.5,54.9
,2026-04-27 10:47:04,21.5,55.0
,2026-04-27 10:47:10,21.4,55.0
,2026-04-27 10:47:15,21.5,55.0
,2026-04-27 10:47:21,21.5,55.1
,2026-04-27 10:47:27,21.5,55.0
,2026-04-27 10:47:32,21.4,55.0
,2026-04-27 10:47:38,21.4,55.0
,2026-04-27 10:47:43,21.5,55.0
,2026-04-27 10:47:49,21.5,55.0
,2026-04-27 10:47:55,21.5,55.0
,2026-04-27 10:48:00,21.5,55.1
,2026-04-27 10:48:06,21.5,55.1
,2026-04-27 10:48:11,21.5,55.1
,2026-04-27 10:48:16,21.5,55.2
,2026-04-27 10:48:22,21.5,55.2
,2026-04-27 10:48:27,21.5,55.2
,2026-04-27 10:48:33,21.5,55.2
,2026-04-27 10:48:38,21.5,55.2
,2026-04-27 10:48:44,21.5,55.2
,2026-04-27 10:48:50,21.5,55.2
,2026-04-27 10:48:56,21.5,55.2
,2026-04-27 10:49:01,21.5,55.2
,2026-04-27 10:49:07,21.5,55.2
,2026-04-27 10:49:13,21.5,55.2
,2026-04-27 10:49:18,21.5,55.2
,2026-04-27 10:49:24,21.5,55.2
,2026-04-27 10:49:29,21.5,55.1
,2026-04-27 10:49:35,21.5,55.2
,2026-04-27 10:49:41,21.5,55.1
,2026-04-27 10:49:46,21.5,55.2
,2026-04-27 10:49:52,21.5,55.1
,2026-04-27 10:49:57,21.5,55.1
,2026-04-27 10:50:03,21.5,55.1
,2026-04-27 10:50:08,21.5,55.1
,2026-04-27 10:50:13,21.5,55.1
,2026-04-27 10:50:19,21.5,55.1
,2026-04-27 10:50:25,21.5,55.2
,2026-04-27 10:50:30,21.5,55.2
,2026-04-27 10:50:36,21.5,55.2
,2026-04-27 10:50:41,21.5,55.2
,2026-04-27 10:50:47,21.5,55.2
,2026-04-27 10:50:52,21.5,55.3
,2026-04-27 10:50:58,21.5,55.2
,2026-04-27 10:51:03,21.5,55.3
,2026-04-27 10:51:09,21.5,55.3
,2026-04-27 10:51:14,21.5,55.4
,2026-04-27 10:51:20,21.5,55.3
,2026-04-27 10:51:25,21.5,55.3
,2026-04-27 10:51:31,21.5,55.3
,2026-04-27 10:51:36,21.6,55.3
,2026-04-27 10:51:42,21.6,55.3
,2026-04-27 10:51:47,21.6,55.3
,2026-04-27 10:51:53,21.6,55.4
,2026-04-27 10:51:58,21.6,55.5
,2026-04-27 10:52:04,21.7,55.5
,2026-04-27 10:52:11,21.7,55.5
,2026-04-27 10:52:16,21.7,55.3
,2026-04-27 10:52:22,21.7,55.2
,2026-04-27 10:52:27,21.7,55.1
,2026-04-27 10:52:33,21.7,55.1
,2026-04-27 10:52:38,21.7,55.1
,2026-04-27 10:52:44,21.7,55.0
,2026-04-27 10:52:49,21.7,55.0
,2026-04-27 10:52:55,21.7,55.0
,2026-04-27 10:53:01,21.8,55.1
,2026-04-27 10:53:06,21.8,55.3
,2026-04-27 10:53:12,21.8,55.3
,2026-04-27 10:53:17,21.8,55.4
,2026-04-27 10:53:23,21.8,55.4
,2026-04-27 10:53:28,21.8,55.3
,2026-04-27 10:53:34,21.9,55.3
,2026-04-27 10:53:39,21.9,55.3
,2026-04-27 10:53:46,21.9,55.2
,2026-04-27 10:53:51,21.9,55.3
,2026-04-27 10:53:57,21.9,55.1
,2026-04-27 10:54:02,22.0,55.0
,2026-04-27 10:54:08,22.0,54.9
,2026-04-27 10:54:14,22.0,54.8
,2026-04-27 10:54:19,22.0,54.8
,2026-04-27 10:54:24,22.0,54.8
,2026-04-27 10:54:30,22.0,54.8
,2026-04-27 10:54:35,22.0,54.9
,2026-04-27 10:54:41,22.0,54.9
,2026-04-27 10:54:46,22.0,54.9
,2026-04-27 10:54:52,22.0,54.8
,2026-04-27 10:54:58,22.0,54.8
,2026-04-27 10:55:03,22.1,54.8
,2026-04-27 10:55:09,22.1,55.0
,2026-04-27 10:55:14,22.1,55.1
,2026-04-27 10:55:20,22.1,55.2
,2026-04-27 10:55:26,22.1,55.2
,2026-04-27 10:55:31,22.2,55.1
,2026-04-27 10:55:37,22.2,55.0
,2026-04-27 10:55:42,22.2,54.9
,2026-04-27 10:55:48,22.2,54.6
,2026-04-27 10:55:53,22.2,54.6
,2026-04-27 10:55:59,22.2,54.4
,2026-04-27 10:56:04,22.2,54.5
,2026-04-27 10:56:10,22.2,54.3
,2026-04-27 10:56:15,22.2,54.3
,2026-04-27 10:56:21,22.2,54.3
,2026-04-27 10:56:26,22.2,54.4
,2026-04-27 10:56:32,22.2,54.3
,2026-04-27 10:56:38,22.2,54.2
,2026-04-27 10:56:43,22.2,54.2
,2026-04-27 10:56:49,22.2,54.2
,2026-04-27 10:56:54,22.2,54.3
,2026-04-27 10:57:00,22.3,54.3
,2026-04-27 10:57:06,22.3,54.4
,2026-04-27 10:57:11,22.3,54.4
,2026-04-27 10:57:17,22.2,54.4
,2026-04-27 10:57:22,22.3,54.3
,2026-04-27 10:57:28,22.3,54.3
,2026-04-27 10:57:33,22.3,54.4
,2026-04-27 10:57:39,22.3,54.6
,2026-04-27 10:57:44,22.3,54.8
,2026-04-27 10:57:50,22.4,54.9
,2026-04-27 10:57:55,22.4,54.8
,2026-04-27 10:58:01,22.4,54.8
,2026-04-27 10:58:06,22.4,55.1
,2026-04-27 10:58:12,22.5,55.2
,2026-04-27 10:58:17,22.5,55.3
,2026-04-27 10:58:23,22.5,55.3
,2026-04-27 10:58:28,22.6,55.3
,2026-04-27 10:58:34,22.7,56.4
,2026-04-27 10:58:39,22.6,56.7
,2026-04-27 10:58:45,22.7,56.3
,2026-04-27 10:58:50,22.7,56.0
,2026-04-27 10:58:56,22.8,55.6
,2026-04-27 10:59:02,22.8,55.0
,2026-04-27 10:59:07,22.7,54.7
,2026-04-27 10:59:13,22.7,54.2
,2026-04-27 10:59:18,22.7,54.0
,2026-04-27 10:59:24,22.7,53.8
,2026-04-27 10:59:29,22.7,53.7
,2026-04-27 10:59:35,22.6,53.6
,2026-04-27 10:59:40,22.6,53.6
,2026-04-27 10:59:46,22.6,53.5
,2026-04-27 10:59:52,22.6,53.5
,2026-04-27 10:59:57,22.6,53.6
,2026-04-27 11:00:02,22.5,53.6
,2026-04-27 11:00:08,22.5,53.7
,2026-04-27 11:00:14,22.5,53.8
,2026-04-27 11:00:19,22.5,53.8
,2026-04-27 11:00:25,22.5,53.9
,2026-04-27 11:00:30,22.4,54.0
,2026-04-27 11:00:35,22.4,54.0
,2026-04-27 11:00:41,22.4,54.0
,2026-04-27 11:00:47,22.4,54.0
,2026-04-27 11:00:52,22.4,54.1
,2026-04-27 11:00:58,22.4,54.1
,2026-04-27 11:01:03,22.3,54.1
,2026-04-27 11:01:09,22.3,54.4
,2026-04-27 11:01:14,22.3,54.4
,2026-04-27 11:01:20,22.3,54.4
,2026-04-27 11:01:25,22.3,54.4
,2026-04-27 11:01:31,22.3,54.5
,2026-04-27 11:01:36,22.2,54.6
,2026-04-27 11:01:42,22.2,54.7
,2026-04-27 11:01:47,22.2,54.8
,2026-04-27 11:01:53,22.2,54.7
,2026-04-27 11:01:58,22.2,54.7
,2026-04-27 11:02:04,22.2,54.7
,2026-04-27 11:02:09,22.2,54.8
,2026-04-27 11:02:15,22.2,54.8
,2026-04-27 11:02:21,22.1,54.8
,2026-04-27 11:02:26,22.1,54.9
,2026-04-27 11:02:32,22.1,54.8
,2026-04-27 11:02:37,22.1,54.9
,2026-04-27 11:02:43,22.1,55.0
,2026-04-27 11:02:48,22.1,55.0
,2026-04-27 11:02:54,22.1,55.0
,2026-04-27 11:02:59,22.1,55.0
,2026-04-27 11:03:05,22.1,55.0
,2026-04-27 11:03:10,22.1,55.1
,2026-04-27 11:03:16,22.0,55.1
,2026-04-27 11:03:22,22.0,55.1
,2026-04-27 11:03:27,22.0,55.1
,2026-04-27 11:03:33,22.0,55.1
,2026-04-27 11:03:39,22.0,55.2
,2026-04-27 11:03:44,22.0,55.2
,2026-04-27 11:03:49,22.0,55.2
,2026-04-27 11:03:55,22.0,55.2
,2026-04-27 11:04:01,22.0,55.2
,2026-04-27 11:04:06,22.0,55.3
,2026-04-27 11:04:12,22.0,55.3
,2026-04-27 11:04:17,22.0,55.3
,2026-04-27 11:04:23,22.0,55.4
,2026-04-27 11:04:29,22.0,55.4
,2026-04-27 11:04:35,22.0,55.3
,2026-04-27 11:04:40,22.0,55.3
,2026-04-27 11:04:45,22.0,55.3
,2026-04-27 11:04:51,21.9,55.4
,2026-04-27 11:04:56,22.0,55.8
,2026-04-27 11:05:02,22.0,55.8
,2026-04-27 11:05:07,22.0,55.7
,2026-04-27 11:05:13,22.0,55.6
,2026-04-27 11:05:19,22.0,55.5
,2026-04-27 11:05:24,22.0,55.6
,2026-04-27 11:05:30,22.0,55.6
,2026-04-27 11:05:35,22.0,55.5
,2026-04-27 11:05:41,22.0,55.3
,2026-04-27 11:05:46,22.0,55.4
,2026-04-27 11:05:52,22.0,55.4
,2026-04-27 11:05:57,21.9,55.4
,2026-04-27 11:06:03,21.9,55.5
,2026-04-27 11:06:09,21.9,55.4
,2026-04-27 11:06:15,21.9,55.5
,2026-04-27 11:06:20,21.9,55.5
,2026-04-27 11:06:26,21.9,55.6
,2026-04-27 11:06:31,21.9,55.6
,2026-04-27 11:06:37,21.9,55.6
,2026-04-27 11:06:42,21.9,55.6
,2026-04-27 11:06:48,21.9,55.7
,2026-04-27 11:06:53,21.9,55.7
,2026-04-27 11:06:59,21.9,55.6
,2026-04-27 11:07:04,21.9,55.7
,2026-04-27 11:07:10,21.9,55.7
,2026-04-27 11:07:15,21.9,55.8
,2026-04-27 11:07:21,21.9,55.7
,2026-04-27 11:07:26,21.9,55.8
,2026-04-27 11:07:32,21.9,55.8
,2026-04-27 11:07:37,21.9,55.8
,2026-04-27 11:07:43,21.9,55.8
,2026-04-27 11:07:48,21.9,55.8
,2026-04-27 11:07:54,21.8,55.8
,2026-04-27 11:07:59,21.8,55.9
,2026-04-27 11:08:05,21.9,55.9
,2026-04-27 11:08:11,21.9,55.9
,2026-04-27 11:08:16,21.8,56.1
,2026-04-27 11:08:22,21.8,56.1
,2026-04-27 11:08:27,21.9,56.1
,2026-04-27 11:08:33,21.9,56.1
,2026-04-27 11:08:38,21.8,56.2
,2026-04-27 11:08:44,21.9,56.2
,2026-04-27 11:08:49,21.9,56.5
,2026-04-27 11:08:55,21.9,56.8
,2026-04-27 11:09:00,21.9,56.8
,2026-04-27 11:09:06,22.0,56.6
,2026-04-27 11:09:11,22.0,56.4
,2026-04-27 11:09:17,22.0,56.3
,2026-04-27 11:09:23,22.0,56.1
,2026-04-27 11:09:28,22.0,56.0
,2026-04-27 11:09:34,21.9,56.0
,2026-04-27 11:09:39,22.0,56.0
,2026-04-27 11:09:45,22.0,56.0
,2026-04-27 11:09:50,21.9,56.0
,2026-04-27 11:09:56,21.9,56.0
,2026-04-27 11:10:02,21.9,56.1
,2026-04-27 11:10:08,21.9,56.1
,2026-04-27 11:10:13,21.9,56.2
,2026-04-27 11:10:19,21.9,56.2
,2026-04-27 11:10:24,21.9,56.2
,2026-04-27 11:10:30,21.9,56.2
,2026-04-27 11:10:35,21.8,56.2
,2026-04-27 11:10:41,21.8,56.2
,2026-04-27 11:10:46,21.8,56.3
,2026-04-27 11:10:52,21.8,56.3
,2026-04-27 11:10:57,21.8,56.3
,2026-04-27 11:11:03,21.8,56.4
,2026-04-27 11:11:08,21.8,56.4
,2026-04-27 11:11:14,21.8,56.4
,2026-04-27 11:11:19,21.7,56.4
,2026-04-27 11:11:25,21.8,56.3
,2026-04-27 11:11:30,21.7,56.3
,2026-04-27 11:11:36,21.7,56.4
,2026-04-27 11:11:41,21.7,56.4
,2026-04-27 11:11:47,21.7,56.4
,2026-04-27 11:11:53,21.7,56.5
,2026-04-27 11:11:58,21.7,56.5
,2026-04-27 11:12:03,21.7,56.6
,2026-04-27 11:12:09,21.7,56.6
,2026-04-27 11:12:14,21.7,56.6
,2026-04-27 11:12:20,21.7,56.6
,2026-04-27 11:12:25,21.7,56.6
,2026-04-27 11:12:31,21.7,56.8
,2026-04-27 11:12:36,21.6,56.8
,2026-04-27 11:12:42,21.7,56.8
,2026-04-27 11:12:47,21.7,56.8
,2026-04-27 11:12:53,21.7,56.8
,2026-04-27 11:12:58,21.7,56.9
,2026-04-27 11:13:04,21.7,56.9
,2026-04-27 11:13:09,21.6,56.9
,2026-04-27 11:13:15,21.6,56.8
,2026-04-27 11:13:22,21.6,56.8
,2026-04-27 11:13:27,21.6,56.9
,2026-04-27 11:13:33,21.6,56.9
,2026-04-27 11:13:38,21.6,56.8
,2026-04-27 11:13:44,21.6,56.7
,2026-04-27 11:13:49,21.6,56.7
,2026-04-27 11:13:55,21.6,56.8
,2026-04-27 11:14:01,21.6,56.9
,2026-04-27 11:14:06,21.6,56.8
,2026-04-27 11:14:12,21.6,56.8
,2026-04-27 11:14:17,21.6,56.9
,2026-04-27 11:14:23,21.6,56.9
,2026-04-27 11:14:28,21.6,57.0
,2026-04-27 11:14:34,21.6,56.9
,2026-04-27 11:14:39,21.5,57.1
,2026-04-27 11:14:45,21.6,57.1
,2026-04-27 11:14:50,21.6,57.1
,2026-04-27 11:14:56,21.6,57.2
,2026-04-27 11:15:02,21.5,57.1
,2026-04-27 11:15:08,21.6,57.2
,2026-04-27 11:15:14,21.5,57.3
,2026-04-27 11:15:19,21.5,57.2
,2026-04-27 11:15:25,21.5,57.2
,2026-04-27 11:15:31,21.5,57.1
,2026-04-27 11:15:37,21.5,57.1
,2026-04-27 11:15:42,21.5,57.1
,2026-04-27 11:15:49,21.5,57.1
,2026-04-27 11:15:55,21.5,57.2
,2026-04-27 11:16:00,21.5,57.2
,2026-04-27 11:16:06,21.5,57.3
,2026-04-27 11:16:11,21.5,57.2
,2026-04-27 11:16:17,21.5,57.3
,2026-04-27 11:16:23,21.5,57.4
,2026-04-27 11:16:28,21.5,57.4
,2026-04-27 11:16:34,21.5,57.4
,2026-04-27 11:16:40,21.5,57.5
,2026-04-27 11:16:45,21.5,57.6
,2026-04-27 11:16:51,21.5,57.6
,2026-04-27 11:16:57,21.5,57.6
,2026-04-27 11:17:02,21.5,57.7
,2026-04-27 11:17:08,21.5,57.7
,2026-04-27 11:17:14,21.5,57.8
,2026-04-27 11:17:19,21.5,57.7
,2026-04-27 11:17:25,21.5,57.8
,2026-04-27 11:17:30,21.5,57.8
,2026-04-27 11:17:36,21.5,57.9
,2026-04-27 11:17:41,21.5,57.8
,2026-04-27 11:17:47,21.5,57.8
,2026-04-27 11:17:53,21.5,57.9
,2026-04-27 11:17:58,21.5,57.8
,2026-04-27 11:18:04,21.5,57.8
,2026-04-27 11:18:09,21.5,57.8
,2026-04-27 11:18:15,21.5,57.7
,2026-04-27 11:18:20,21.5,57.8
,2026-04-27 11:18:26,21.5,57.8
,2026-04-27 11:18:31,21.5,57.8
,2026-04-27 11:18:37,21.5,57.8
,2026-04-27 11:18:42,21.5,57.9
,2026-04-27 11:18:48,21.5,57.9
,2026-04-27 11:18:53,21.5,57.9
,2026-04-27 11:19:01,21.5,57.8
,2026-04-27 11:19:08,21.5,57.8
,2026-04-27 11:19:13,21.5,57.8
,2026-04-27 11:19:19,21.5,57.8
,2026-04-27 11:19:24,21.5,57.9
,2026-04-27 11:19:29,21.5,57.8
,2026-04-27 11:19:35,21.5,57.8
,2026-04-27 11:19:41,21.5,58.0
,2026-04-27 11:19:46,21.5,57.8
,2026-04-27 11:19:52,21.5,57.9
,2026-04-27 11:19:57,21.5,57.9
,2026-04-27 11:20:03,21.5,57.9
,2026-04-27 11:20:08,21.5,57.9
,2026-04-27 11:20:14,21.5,58.0
,2026-04-27 11:20:19,21.5,58.0
,2026-04-27 11:20:25,21.5,58.0
,2026-04-27 11:20:31,21.5,58.0
,2026-04-27 11:20:36,21.5,58.0
,2026-04-27 11:20:42,21.5,58.1
,2026-04-27 11:20:48,21.5,58.1
,2026-04-27 11:20:53,21.5,58.0
,2026-04-27 11:20:59,21.5,58.0
,2026-04-27 11:21:05,21.5,58.0
,2026-04-27 11:21:10,21.5,58.0
,2026-04-27 11:21:16,21.5,58.0
,2026-04-27 11:21:22,21.5,58.0
,2026-04-27 11:21:27,21.5,58.0
,2026-04-27 11:21:33,21.5,58.1
,2026-04-27 11:21:38,21.5,58.1
,2026-04-27 11:21:44,21.5,58.1
,2026-04-27 11:21:49,21.5,58.1
,2026-04-27 11:21:55,21.5,58.2
,2026-04-27 11:22:02,21.5,58.1
,2026-04-27 11:22:07,21.5,58.2
,2026-04-27 11:22:13,21.5,58.1
,2026-04-27 11:22:19,21.5,58.1
,2026-04-27 11:22:24,21.5,58.1
,2026-04-27 11:22:30,21.6,58.0
,2026-04-27 11:22:35,21.5,58.0
,2026-04-27 11:22:41,21.6,58.0
,2026-04-27 11:22:46,21.6,58.0
,2026-04-27 11:22:52,21.6,58.0
,2026-04-27 11:22:58,21.6,58.0
,2026-04-27 11:23:03,21.6,57.9
,2026-04-27 11:23:09,21.6,58.0
,2026-04-27 11:23:15,21.6,57.9
,2026-04-27 11:23:20,21.6,57.9
,2026-04-27 11:23:26,21.7,57.8
,2026-04-27 11:23:32,21.7,57.8
,2026-04-27 11:23:37,21.7,57.7
,2026-04-27 11:23:43,21.7,57.6
,2026-04-27 11:23:48,21.7,57.6
,2026-04-27 11:23:54,21.7,57.6
,2026-04-27 11:23:59,21.7,57.8
,2026-04-27 11:24:05,21.7,57.8
,2026-04-27 11:24:11,21.7,57.8
,2026-04-27 11:24:17,21.7,57.8
,2026-04-27 11:24:22,21.7,57.8
,2026-04-27 11:24:28,21.7,57.7
,2026-04-27 11:24:33,21.8,57.7
,2026-04-27 11:24:39,21.8,57.7
,2026-04-27 11:24:44,21.8,57.6
,2026-04-27 11:24:50,21.8,57.6
,2026-04-27 11:24:57,21.8,57.6
,2026-04-27 11:25:02,21.8,57.6
,2026-04-27 11:25:08,21.8,57.6
,2026-04-27 11:25:14,21.8,57.6
,2026-04-27 11:25:21,21.8,57.6
,2026-04-27 11:25:27,21.8,57.6
,2026-04-27 11:25:33,21.8,57.6
,2026-04-27 11:25:38,21.8,57.6
,2026-04-27 11:25:44,21.8,57.6
,2026-04-27 11:25:49,21.8,57.6
,2026-04-27 11:25:55,21.9,57.6
,2026-04-27 11:26:00,21.9,57.7
,2026-04-27 11:26:06,21.9,57.6
,2026-04-27 11:26:11,21.8,57.6
,2026-04-27 11:26:17,21.9,57.6
,2026-04-27 11:26:23,21.9,57.5
,2026-04-27 11:26:28,21.9,57.5
,2026-04-27 11:26:34,21.9,57.3
,2026-04-27 11:26:39,21.9,57.4
,2026-04-27 11:26:45,21.9,57.4
,2026-04-27 11:26:50,21.9,57.4
,2026-04-27 11:26:56,21.9,57.4
,2026-04-27 11:27:01,21.9,57.5
,2026-04-27 11:27:07,21.9,57.4
,2026-04-27 11:27:13,21.9,57.4
,2026-04-27 11:27:18,21.9,57.4
,2026-04-27 11:27:24,21.9,57.3
,2026-04-27 11:27:29,21.9,57.4
,2026-04-27 11:27:35,21.9,57.5
,2026-04-27 11:27:40,21.9,57.6
,2026-04-27 11:27:46,21.9,57.6
,2026-04-27 11:27:51,21.9,57.5
,2026-04-27 11:27:57,21.9,57.5
,2026-04-27 11:28:02,21.9,57.5
,2026-04-27 11:28:08,21.9,57.5
,2026-04-27 11:28:13,21.9,57.5
,2026-04-27 11:28:19,21.9,57.5
,2026-04-27 11:28:24,21.9,57.5
,2026-04-27 11:28:30,21.9,57.6
,2026-04-27 11:28:35,21.9,57.6
,2026-04-27 11:28:41,21.9,57.7
,2026-04-27 11:28:46,21.8,57.7
,2026-04-27 11:28:52,21.8,57.7
,2026-04-27 11:28:57,21.8,57.8
,2026-04-27 11:29:03,21.8,57.8
,2026-04-27 11:29:08,21.8,58.0
,2026-04-27 11:29:14,21.8,57.9
,2026-04-27 11:29:20,21.8,57.9
,2026-04-27 11:29:25,21.8,58.0
,2026-04-27 11:29:31,21.8,57.9
,2026-04-27 11:29:36,21.8,57.9
,2026-04-27 11:29:42,21.8,57.9
,2026-04-27 11:29:47,21.8,57.9
,2026-04-27 11:29:53,21.8,58.0
,2026-04-27 11:29:59,21.8,58.0
,2026-04-27 11:30:04,21.7,58.1
,2026-04-27 11:30:10,21.7,58.0
,2026-04-27 11:30:15,21.7,58.0
,2026-04-27 11:30:21,21.7,58.0
,2026-04-27 11:30:26,21.7,58.1
,2026-04-27 11:30:32,21.7,58.1
,2026-04-27 11:30:38,21.7,58.2
,2026-04-27 11:30:43,21.7,58.2
,2026-04-27 11:30:49,21.7,58.3
,2026-04-27 11:30:54,21.7,58.4
,2026-04-27 11:31:00,21.7,58.4
,2026-04-27 11:31:06,21.7,58.4
,2026-04-27 11:31:11,21.7,58.4
,2026-04-27 11:31:17,21.7,58.5
,2026-04-27 11:31:22,21.7,58.5
,2026-04-27 11:31:28,21.7,58.5
,2026-04-27 11:31:34,21.7,58.5
,2026-04-27 11:31:39,21.7,58.5
,2026-04-27 11:31:45,21.7,58.5
,2026-04-27 11:31:50,21.7,58.3
,2026-04-27 11:31:56,21.7,58.4
,2026-04-27 11:32:01,21.7,58.3
,2026-04-27 11:32:07,21.7,58.2
,2026-04-27 11:32:12,21.7,58.3
,2026-04-27 11:32:18,21.7,58.3
,2026-04-27 11:32:24,21.7,58.3
,2026-04-27 11:32:29,21.7,58.4
,2026-04-27 11:32:35,21.7,58.5
,2026-04-27 11:32:40,21.6,58.4
,2026-04-27 11:32:46,21.6,58.4
,2026-04-27 11:32:51,21.6,58.5
,2026-04-27 11:32:57,21.7,58.5
,2026-04-27 11:33:02,21.6,58.6
,2026-04-27 11:33:08,21.6,58.6
,2026-04-27 11:33:13,21.6,58.6
,2026-04-27 11:33:19,21.6,58.6
,2026-04-27 11:33:24,21.6,58.7
,2026-04-27 11:33:29,21.6,58.8
,2026-04-27 11:33:35,21.6,58.7
,2026-04-27 11:33:41,21.6,58.6
,2026-04-27 11:33:46,21.6,58.7
,2026-04-27 11:33:52,21.6,58.7
,2026-04-27 11:33:57,21.6,58.7
,2026-04-27 11:34:03,21.6,58.7
,2026-04-27 11:34:08,21.6,58.7
,2026-04-27 11:34:14,21.6,58.7
,2026-04-27 11:34:19,21.7,58.7
,2026-04-27 11:34:25,21.6,58.7
,2026-04-27 11:34:30,21.6,58.8
,2026-04-27 11:34:36,21.6,58.8
,2026-04-27 11:34:41,21.6,58.8
,2026-04-27 11:34:47,21.6,58.8
,2026-04-27 11:34:52,21.6,58.8
,2026-04-27 11:34:58,21.6,58.8
,2026-04-27 11:35:03,21.6,58.9
,2026-04-27 11:35:09,21.6,58.9
,2026-04-27 11:35:14,21.6,58.9
,2026-04-27 11:35:20,21.6,58.9
,2026-04-27 11:35:25,21.6,59.0
,2026-04-27 11:35:31,21.6,59.0
,2026-04-27 11:35:36,21.6,59.1
,2026-04-27 11:35:42,21.6,59.0
cucina,2026-05-05 11:43:00,23.5,48.9
cucina,2026-05-05 11:43:06,23.5,48.5
cucina,2026-05-05 11:43:12,23.5,48.5
cucina,2026-05-05 11:43:18,23.6,48.5
cucina,2026-05-05 11:43:23,23.6,48.5
cucina,2026-05-05 11:43:29,23.6,48.5
cucina,2026-05-05 11:43:35,23.6,48.4
cucina,2026-05-05 11:43:40,23.6,48.4
cucina,2026-05-05 11:43:46,23.6,48.4
cucina,2026-05-05 11:43:51,23.6,48.4
cucina,2026-05-05 11:43:57,23.6,48.4
cucina,2026-05-05 11:44:02,23.6,48.4
cucina,2026-05-05 11:44:08,23.6,48.4
cucina,2026-05-05 11:44:14,23.6,48.3
cucina,2026-05-05 11:44:20,23.6,48.3
cucina,2026-05-05 11:44:25,23.6,48.3
cucina,2026-05-05 11:44:31,23.6,48.3
cucina,2026-05-05 11:44:36,23.6,48.3
cucina,2026-05-05 11:44:42,23.6,48.2
cucina,2026-05-05 11:44:47,23.6,48.2
cucina,2026-05-05 11:44:53,23.6,48.2
cucina,2026-05-05 11:44:58,23.6,48.3
cucina,2026-05-05 11:45:04,23.6,48.3
cucina,2026-05-05 11:45:10,23.6,48.2
cucina,2026-05-05 11:45:15,23.6,48.2
cucina,2026-05-05 11:45:21,23.6,48.2
cucina,2026-05-05 11:45:27,23.6,48.2
cucina,2026-05-05 11:45:32,23.6,48.1
cucina,2026-05-05 11:45:38,23.6,48.3
cucina,2026-05-05 11:45:43,23.6,48.3
cucina,2026-05-05 11:45:49,23.6,48.4
cucina,2026-05-05 11:45:54,23.6,48.3
cucina,2026-05-05 11:46:00,23.6,48.3
cucina,2026-05-05 11:46:06,23.6,48.2
cucina,2026-05-05 11:46:11,23.6,48.2
cucina,2026-05-05 11:46:17,23.6,48.1
cucina,2026-05-05 11:46:23,23.6,48.1
cucina,2026-05-05 11:46:28,23.6,48.1
cucina,2026-05-05 11:46:34,23.6,48.0
cucina,2026-05-05 11:46:39,23.6,48.0
cucina,2026-05-05 11:46:45,23.6,48.0
cucina,2026-05-05 11:46:51,23.6,48.0
cucina,2026-05-05 11:46:56,23.6,48.1
cucina,2026-05-05 11:47:02,23.6,48.3
cucina,2026-05-05 11:47:07,23.6,48.2
cucina,2026-05-05 11:47:13,23.6,48.1
cucina,2026-05-05 11:47:18,23.6,48.1
cucina,2026-05-05 11:47:24,23.6,48.1
cucina,2026-05-05 11:47:30,23.6,48.1
cucina,2026-05-05 11:47:35,23.6,48.1
cucina,2026-05-05 11:47:41,23.6,48.1
cucina,2026-05-05 11:47:46,23.6,48.1
cucina,2026-05-05 11:47:52,23.6,48.1
cucina,2026-05-05 11:47:57,23.6,48.1
cucina,2026-05-05 11:48:03,23.6,48.1
cucina,2026-05-05 11:48:08,23.6,48.2
cucina,2026-05-05 11:48:14,23.6,48.3
cucina,2026-05-05 11:48:20,23.6,48.3
cucina,2026-05-05 11:48:25,23.6,48.4
cucina,2026-05-05 11:48:31,23.6,48.3
cucina,2026-05-05 11:48:36,23.6,48.2
cucina,2026-05-05 11:48:41,23.6,48.2
cucina,2026-05-05 11:48:47,23.6,48.0
cucina,2026-05-05 11:48:53,23.6,47.9
cucina,2026-05-05 11:48:58,23.7,47.8
cucina,2026-05-05 11:49:04,23.6,47.7
cucina,2026-05-05 11:49:09,23.7,47.7
cucina,2026-05-05 11:49:15,23.6,47.7
cucina,2026-05-05 11:49:20,23.7,47.6
cucina,2026-05-05 11:49:26,23.7,47.5
cucina,2026-05-05 11:49:32,23.7,47.6
cucina,2026-05-05 11:49:37,23.7,47.5
cucina,2026-05-05 11:49:43,23.7,47.6
cucina,2026-05-05 11:49:48,23.7,47.5
cucina,2026-05-05 11:49:54,23.7,47.4
cucina,2026-05-05 11:49:59,23.7,47.3
cucina,2026-05-05 11:50:05,23.7,47.3
cucina,2026-05-05 11:50:10,23.7,47.3
cucina,2026-05-05 11:50:16,23.7,47.2
cucina,2026-05-05 11:50:21,23.7,47.2
cucina,2026-05-05 11:50:27,23.7,47.2
cucina,2026-05-05 11:50:33,23.7,47.2
cucina,2026-05-05 11:50:39,23.7,47.3
cucina,2026-05-05 11:50:44,23.7,47.2
cucina,2026-05-05 11:50:50,23.7,47.1
cucina,2026-05-05 11:50:55,23.7,47.1
cucina,2026-05-05 11:51:01,23.7,47.1
cucina,2026-05-05 11:51:06,23.7,47.0
cucina,2026-05-05 11:51:12,23.7,47.0
cucina,2026-05-05 11:51:17,23.7,47.0
cucina,2026-05-05 11:51:23,23.7,47.0
cucina,2026-05-05 11:51:29,23.7,47.0
cucina,2026-05-05 11:51:35,23.7,47.0
cucina,2026-05-05 11:51:40,23.7,47.1
cucina,2026-05-05 11:51:46,23.7,47.2
cucina,2026-05-05 11:51:52,23.7,47.2
cucina,2026-05-05 11:51:57,23.7,47.3
cucina,2026-05-05 11:52:03,23.7,47.2
cucina,2026-05-05 11:52:09,23.6,47.2
cucina,2026-05-05 11:52:14,23.7,47.3
cucina,2026-05-05 11:52:20,23.7,47.2
cucina,2026-05-05 11:52:25,23.6,47.3
cucina,2026-05-05 11:52:31,23.6,47.3
cucina,2026-05-05 11:52:36,23.7,47.3
cucina,2026-05-05 11:52:42,23.6,47.3
cucina,2026-05-05 11:52:47,23.7,47.3
cucina,2026-05-05 11:52:53,23.7,47.3
cucina,2026-05-05 11:52:59,23.6,47.3
cucina,2026-05-05 11:53:05,23.6,47.4
cucina,2026-05-05 11:53:11,23.7,47.2
cucina,2026-05-05 11:53:16,23.6,47.1
cucina,2026-05-05 11:53:22,23.6,47.1
cucina,2026-05-05 11:53:27,23.6,47.2
cucina,2026-05-05 11:53:33,23.6,47.3
cucina,2026-05-05 11:53:39,23.6,47.3
cucina,2026-05-05 11:53:44,23.6,47.3
cucina,2026-05-05 11:53:50,23.6,47.4
cucina,2026-05-05 11:53:56,23.6,47.3
cucina,2026-05-05 11:54:01,23.6,47.3
cucina,2026-05-05 11:54:07,23.6,47.3
cucina,2026-05-05 11:54:13,23.6,47.4
cucina,2026-05-05 11:54:18,23.6,47.3
cucina,2026-05-05 11:54:24,23.6,47.4
cucina,2026-05-05 11:54:29,23.6,47.2
cucina,2026-05-05 11:54:35,23.6,47.3
cucina,2026-05-05 11:54:41,23.6,47.4
cucina,2026-05-05 11:54:46,23.6,47.4
cucina,2026-05-05 11:54:52,23.6,47.4
cucina,2026-05-05 11:54:58,23.6,47.4
cucina,2026-05-05 11:55:03,23.6,47.4
cucina,2026-05-05 11:55:09,23.6,47.4
cucina,2026-05-05 11:55:14,23.6,47.5
cucina,2026-05-05 11:55:20,23.6,47.4
cucina,2026-05-05 11:55:25,23.6,47.4
cucina,2026-05-05 11:55:31,23.6,47.5
cucina,2026-05-05 11:55:37,23.6,47.4
cucina,2026-05-05 11:55:42,23.5,47.5
cucina,2026-05-05 11:55:48,23.6,47.6
cucina,2026-05-05 11:55:54,23.6,47.5
cucina,2026-05-05 11:56:00,23.6,47.5
cucina,2026-05-05 11:56:05,23.6,47.4
cucina,2026-05-05 11:56:11,23.5,47.4
cucina,2026-05-05 11:56:17,23.6,47.4
cucina,2026-05-05 11:56:22,23.5,47.4
cucina,2026-05-05 11:56:28,23.5,47.4
cucina,2026-05-05 11:56:33,23.6,47.5
cucina,2026-05-05 11:56:39,23.5,47.5
cucina,2026-05-05 11:56:45,23.6,47.3
cucina,2026-05-05 11:56:50,23.5,47.3
cucina,2026-05-05 11:56:56,23.5,47.4
cucina,2026-05-05 11:57:01,23.5,47.3
cucina,2026-05-05 11:57:07,23.5,47.3
cucina,2026-05-05 11:57:12,23.5,47.3
cucina,2026-05-05 11:57:18,23.5,47.3
cucina,2026-05-05 11:57:24,23.5,47.3
cucina,2026-05-05 11:57:29,23.5,47.3
cucina,2026-05-05 11:57:35,23.5,47.3
cucina,2026-05-05 11:57:41,23.5,47.2
cucina,2026-05-05 11:57:46,23.5,47.2
cucina,2026-05-05 11:57:52,23.5,47.2
cucina,2026-05-05 11:57:57,23.5,47.2
cucina,2026-05-05 11:58:03,23.5,47.3
cucina,2026-05-05 11:58:08,23.5,47.2
cucina,2026-05-05 11:58:14,23.5,47.3
cucina,2026-05-05 11:58:19,23.6,47.4
cucina,2026-05-05 11:58:25,23.5,47.3
cucina,2026-05-05 11:58:30,23.5,47.4
cucina,2026-05-05 11:58:36,23.6,48.4
cucina,2026-05-05 11:58:41,23.8,53.6
cucina,2026-05-05 11:58:47,24.1,56.5
cucina,2026-05-05 11:58:53,24.3,54.4
cucina,2026-05-05 11:58:58,24.5,52.1
cucina,2026-05-05 11:59:03,24.6,50.4
cucina,2026-05-05 11:59:09,24.7,49.0
cucina,2026-05-05 11:59:14,24.8,47.9
cucina,2026-05-05 11:59:20,24.8,47.2
cucina,2026-05-05 11:59:25,24.8,46.8
cucina,2026-05-05 11:59:31,24.8,46.3
cucina,2026-05-05 11:59:36,24.8,46.0
cucina,2026-05-05 11:59:42,24.8,45.8
cucina,2026-05-05 11:59:47,24.8,45.7
cucina,2026-05-05 11:59:53,24.7,45.6
cucina,2026-05-05 11:59:58,24.7,45.4
cucina,2026-05-05 12:00:04,24.7,45.4
cucina,2026-05-05 12:00:09,24.7,45.6
cucina,2026-05-05 12:00:15,24.7,45.6
cucina,2026-05-05 12:00:21,24.6,45.6
cucina,2026-05-05 12:00:26,24.6,45.4
cucina,2026-05-05 12:00:32,24.6,45.4
cucina,2026-05-05 12:00:37,24.5,45.4
cucina,2026-05-05 12:00:43,24.5,45.4
cucina,2026-05-05 12:00:49,24.5,45.5
cucina,2026-05-05 12:00:54,24.5,45.5
cucina,2026-05-05 12:01:00,24.5,45.6
cucina,2026-05-05 12:01:05,24.4,45.6
cucina,2026-05-05 12:01:11,24.4,45.5
cucina,2026-05-05 12:01:17,24.4,45.6
cucina,2026-05-05 12:01:22,24.4,45.7
cucina,2026-05-05 12:01:28,24.4,45.7
cucina,2026-05-05 12:01:33,24.3,45.7
cucina,2026-05-05 12:01:39,24.3,45.7
cucina,2026-05-05 12:01:44,24.3,45.7
cucina,2026-05-05 12:01:51,24.3,45.8
cucina,2026-05-05 12:01:57,24.2,46.0
cucina,2026-05-05 12:02:02,24.2,45.9
cucina,2026-05-05 12:02:08,24.2,45.9
cucina,2026-05-05 12:02:13,24.2,46.0
cucina,2026-05-05 12:02:19,24.2,46.0
cucina,2026-05-05 12:02:24,24.2,46.1
cucina,2026-05-05 12:02:30,24.2,46.1
cucina,2026-05-05 12:02:35,24.2,46.2
cucina,2026-05-05 12:02:41,24.1,46.2
cucina,2026-05-05 12:02:46,24.1,46.5
cucina,2026-05-05 12:02:52,24.1,46.8
cucina,2026-05-05 12:02:57,24.1,46.9
cucina,2026-05-05 12:03:03,24.1,46.8
cucina,2026-05-05 12:03:09,24.1,46.7
cucina,2026-05-05 12:03:14,24.0,46.6
cucina,2026-05-05 12:03:20,24.0,46.6
cucina,2026-05-05 12:03:26,24.0,46.6
cucina,2026-05-05 12:03:31,24.0,46.7
cucina,2026-05-05 12:03:36,24.0,46.7
cucina,2026-05-05 12:03:42,24.0,46.7
cucina,2026-05-05 12:03:48,24.0,46.8
cucina,2026-05-05 12:03:53,24.0,46.7
cucina,2026-05-05 12:03:59,23.9,46.7
cucina,2026-05-05 12:04:04,24.0,46.5
cucina,2026-05-05 12:04:10,23.9,46.6
cucina,2026-05-05 12:04:15,23.9,46.8
cucina,2026-05-05 12:04:21,23.9,47.0
cucina,2026-05-05 12:04:26,23.9,46.8
cucina,2026-05-05 12:04:32,23.9,47.0
cucina,2026-05-05 12:04:37,23.9,47.0
cucina,2026-05-05 12:04:43,23.9,46.9
cucina,2026-05-05 12:04:48,23.9,47.0
cucina,2026-05-05 12:04:54,23.9,47.0
cucina,2026-05-05 12:04:59,23.9,47.0
cucina,2026-05-05 12:05:05,23.9,47.0
cucina,2026-05-05 12:05:10,23.9,46.9
cucina,2026-05-05 12:05:16,23.9,46.8
cucina,2026-05-05 12:05:21,23.9,46.9
cucina,2026-05-05 12:05:27,23.9,46.9
cucina,2026-05-05 12:05:32,23.9,46.9
cucina,2026-05-05 12:05:38,23.9,47.0
cucina,2026-05-05 12:05:43,23.9,47.0
cucina,2026-05-05 12:05:49,23.8,46.9
cucina,2026-05-05 12:05:54,23.9,46.9
cucina,2026-05-05 12:06:00,23.9,46.9
cucina,2026-05-05 12:06:05,23.9,46.9
cucina,2026-05-05 12:06:11,23.9,46.9
cucina,2026-05-05 12:06:16,23.9,46.9
cucina,2026-05-05 12:06:22,23.9,46.9
cucina,2026-05-05 12:06:27,23.8,46.8
cucina,2026-05-05 12:06:33,23.9,46.9
cucina,2026-05-05 12:06:38,23.8,46.8
cucina,2026-05-05 12:06:44,23.9,46.8
cucina,2026-05-05 12:06:49,23.8,46.8
cucina,2026-05-05 12:06:55,23.8,46.8
cucina,2026-05-05 12:07:01,23.8,46.7
cucina,2026-05-05 12:07:06,23.9,46.9
cucina,2026-05-05 12:07:12,23.8,46.8
cucina,2026-05-05 12:07:17,23.8,46.9
cucina,2026-05-05 12:07:23,23.8,46.9
cucina,2026-05-05 12:07:29,23.8,46.9
cucina,2026-05-05 12:07:35,23.8,46.9
cucina,2026-05-05 12:07:40,23.8,46.9
cucina,2026-05-05 12:07:46,23.8,46.9
cucina,2026-05-05 12:07:52,23.8,47.0
cucina,2026-05-05 12:07:57,23.8,47.1
cucina,2026-05-05 12:08:03,23.8,47.1
cucina,2026-05-05 12:08:08,23.8,47.1
cucina,2026-05-05 12:08:14,23.8,47.1
cucina,2026-05-05 12:08:19,23.8,47.1
cucina,2026-05-05 12:08:25,23.8,47.1
cucina,2026-05-05 12:08:30,23.8,47.1
cucina,2026-05-05 12:08:36,23.8,47.0
cucina,2026-05-05 12:08:41,23.8,47.1
cucina,2026-05-05 12:08:47,23.8,47.1
cucina,2026-05-05 12:08:53,23.8,47.1
cucina,2026-05-05 12:08:58,23.8,47.2
cucina,2026-05-05 12:09:04,23.8,47.1
cucina,2026-05-05 12:09:09,23.8,47.2
cucina,2026-05-05 12:09:15,23.8,47.2
cucina,2026-05-05 12:09:20,23.8,47.3
cucina,2026-05-05 12:09:26,23.8,47.2
cucina,2026-05-05 12:09:31,23.8,47.2
cucina,2026-05-05 12:09:37,23.8,47.2
cucina,2026-05-05 12:09:43,23.8,47.2
cucina,2026-05-05 12:09:48,23.8,47.1
cucina,2026-05-05 12:09:54,23.8,47.1
cucina,2026-05-05 12:09:59,23.8,47.3
cucina,2026-05-05 12:10:05,23.8,47.1
cucina,2026-05-05 12:10:10,23.8,47.2
cucina,2026-05-05 12:10:16,23.8,47.2
cucina,2026-05-05 12:10:21,23.8,47.1
cucina,2026-05-05 12:10:27,23.8,47.1
cucina,2026-05-05 12:10:32,23.8,47.3
cucina,2026-05-05 12:10:38,23.8,47.4
cucina,2026-05-05 12:10:43,23.8,47.6
cucina,2026-05-05 12:10:49,23.8,47.5
cucina,2026-05-05 12:10:54,23.8,47.5
cucina,2026-05-05 12:11:00,23.8,47.6
cucina,2026-05-05 12:11:05,23.8,47.5
cucina,2026-05-05 12:11:11,23.8,47.5
cucina,2026-05-05 12:11:16,23.8,47.4
cucina,2026-05-05 12:11:22,23.8,47.3
cucina,2026-05-05 12:11:27,23.8,47.3
cucina,2026-05-05 12:11:33,23.8,47.3
cucina,2026-05-05 12:11:38,23.8,47.2
cucina,2026-05-05 12:11:44,23.8,47.2
cucina,2026-05-05 12:11:49,23.8,47.3
cucina,2026-05-05 12:11:55,23.8,47.2
cucina,2026-05-05 12:12:01,23.8,47.4
cucina,2026-05-05 12:12:06,23.8,47.3
cucina,2026-05-05 12:12:12,23.8,47.3
cucina,2026-05-05 12:12:17,23.8,47.2
cucina,2026-05-05 12:12:22,23.8,47.1
cucina,2026-05-05 12:12:28,23.8,47.1
cucina,2026-05-05 12:12:33,23.8,47.0
cucina,2026-05-05 12:12:39,23.8,47.0
cucina,2026-05-05 12:12:44,23.8,47.1
cucina,2026-05-05 12:12:50,23.8,47.0
cucina,2026-05-05 12:12:56,23.8,47.0
cucina,2026-05-05 12:13:01,23.8,47.0
cucina,2026-05-05 12:13:07,23.8,47.1
cucina,2026-05-05 12:13:12,23.8,47.0
cucina,2026-05-05 12:13:18,23.8,46.9
cucina,2026-05-05 12:13:23,23.8,46.9
cucina,2026-05-05 12:13:29,23.8,46.9
cucina,2026-05-05 12:13:34,23.8,46.8
cucina,2026-05-05 12:13:40,23.8,46.8
cucina,2026-05-05 12:13:45,23.8,46.8
cucina,2026-05-05 12:13:51,23.8,46.8
cucina,2026-05-05 12:13:56,23.8,46.8
cucina,2026-05-05 12:14:02,23.8,46.8
cucina,2026-05-05 12:14:07,23.8,46.7
cucina,2026-05-05 12:14:13,23.8,46.7
cucina,2026-05-05 12:14:19,23.8,46.8
cucina,2026-05-05 12:14:24,23.8,46.8
cucina,2026-05-05 12:14:30,23.8,46.8
cucina,2026-05-05 12:14:35,23.8,46.8
cucina,2026-05-05 12:14:41,23.8,46.8
cucina,2026-05-05 12:14:47,23.8,46.9
cucina,2026-05-05 12:14:52,23.8,46.8
cucina,2026-05-05 12:14:58,23.8,46.9
cucina,2026-05-05 12:15:03,23.8,46.9
cucina,2026-05-05 12:15:09,23.8,46.9
cucina,2026-05-05 12:15:14,23.8,47.1
cucina,2026-05-05 12:15:20,23.8,47.1
cucina,2026-05-05 12:15:25,23.8,47.2
cucina,2026-05-05 12:15:31,23.8,47.2
cucina,2026-05-05 12:15:36,23.8,47.3
cucina,2026-05-05 12:15:42,23.8,47.4
cucina,2026-05-05 12:15:47,23.9,47.4
cucina,2026-05-05 12:15:53,23.9,47.3
cucina,2026-05-05 12:15:58,23.9,47.4
cucina,2026-05-05 12:16:04,23.9,47.4
cucina,2026-05-05 12:16:09,23.9,47.2
cucina,2026-05-05 12:16:15,23.9,47.1
cucina,2026-05-05 12:16:20,23.9,47.0
cucina,2026-05-05 12:16:26,23.9,46.9
cucina,2026-05-05 12:16:31,23.9,46.8
cucina,2026-05-05 12:16:37,23.9,46.7
cucina,2026-05-05 12:16:42,23.9,46.7
cucina,2026-05-05 12:16:48,23.9,46.7
cucina,2026-05-05 12:16:53,23.9,46.7
cucina,2026-05-05 12:16:59,23.9,46.5
cucina,2026-05-05 12:17:04,23.9,46.6
cucina,2026-05-05 12:17:10,23.9,46.6
cucina,2026-05-05 12:17:15,23.9,46.5
cucina,2026-05-05 12:17:21,23.9,46.5
cucina,2026-05-05 12:17:26,23.9,46.4
cucina,2026-05-05 12:17:32,23.9,46.3
cucina,2026-05-05 12:17:37,23.9,46.4
cucina,2026-05-05 12:17:43,23.9,46.4
cucina,2026-05-05 12:17:48,23.9,46.4
cucina,2026-05-05 12:17:54,23.9,46.4
cucina,2026-05-05 12:17:59,23.9,46.5
cucina,2026-05-05 12:18:05,23.9,46.4
cucina,2026-05-05 12:18:10,23.9,46.4
cucina,2026-05-05 12:18:16,23.9,46.5
cucina,2026-05-05 12:18:21,23.9,46.5
cucina,2026-05-05 12:18:27,23.9,46.5
cucina,2026-05-05 12:18:32,23.9,46.6
cucina,2026-05-05 12:18:38,23.9,46.6
cucina,2026-05-05 12:18:43,23.9,46.5
cucina,2026-05-05 12:18:49,23.9,46.4
cucina,2026-05-05 12:18:54,23.9,46.3
cucina,2026-05-05 12:19:00,23.9,46.4
cucina,2026-05-05 12:19:05,23.9,46.5
cucina,2026-05-05 12:19:11,23.9,46.7
cucina,2026-05-05 12:19:17,23.9,46.6
cucina,2026-05-05 12:19:22,23.9,46.7
cucina,2026-05-05 12:19:28,23.9,46.7
cucina,2026-05-05 12:19:33,24.0,46.6
cucina,2026-05-05 12:19:39,23.9,46.5
cucina,2026-05-05 12:19:44,23.9,46.5
cucina,2026-05-05 12:19:50,23.9,46.4
cucina,2026-05-05 12:19:55,23.9,46.3
cucina,2026-05-05 12:20:01,23.9,46.2
cucina,2026-05-05 12:20:06,23.9,46.1
cucina,2026-05-05 12:20:12,24.0,46.1
cucina,2026-05-05 12:20:18,23.9,46.1
cucina,2026-05-05 12:20:23,24.0,46.1
cucina,2026-05-05 12:20:28,24.0,46.1
cucina,2026-05-05 12:20:34,23.9,46.1
cucina,2026-05-05 12:20:39,24.0,46.1
cucina,2026-05-05 12:20:45,24.0,46.1
cucina,2026-05-05 12:20:50,24.0,46.0
cucina,2026-05-05 12:20:56,24.0,46.0
cucina,2026-05-05 12:21:01,24.0,46.1
cucina,2026-05-05 12:21:07,24.0,46.0
cucina,2026-05-05 12:21:13,24.0,46.0
cucina,2026-05-05 12:21:18,24.0,46.0
cucina,2026-05-05 12:21:24,24.0,46.0
cucina,2026-05-05 12:21:29,24.0,45.9
cucina,2026-05-05 12:21:35,24.0,45.8
cucina,2026-05-05 12:21:40,24.0,45.7
cucina,2026-05-05 12:21:46,24.0,45.7
cucina,2026-05-05 12:21:52,24.0,45.7
cucina,2026-05-05 12:21:57,24.0,45.9
cucina,2026-05-05 12:22:03,23.9,45.9
cucina,2026-05-05 12:22:08,24.0,46.0
cucina,2026-05-05 12:22:14,24.0,46.0
cucina,2026-05-05 12:22:20,24.0,46.0
cucina,2026-05-05 12:22:25,24.0,46.0
cucina,2026-05-05 12:22:31,24.0,46.0
